league_name,level_category_points,league_points_f13
international,8.0,0.0
international-w,61.77272727,1000.0
armenia,70.04545455,1400.0
asia-other,61.77272727,1000.0
wc-d4,8.0,0.0
aihl,65.90909091,1200.0
ajihl,65.90909091,1200.0
australia-other,53.5,600.0
australia-u15,49.36363636,500.0
australia-u18,49.36363636,500.0
australia2,61.77272727,1000.0
awihl-w,65.90909091,1200.0
ecsl,61.77272727,1000.0
ihsa-premier,57.63636364,800.0
ihv-premier,57.63636364,800.0
ihwa-premier,57.63636364,800.0
not-covered,20.40909091,0.0
qc-int-pw,16.27272727,0.0
wc-d2a,8.0,0.0
wc-d2a-w,8.0,0.0
wjc-18-d1b-w,65.90909091,1200.0
wjc-18-d2b,65.90909091,1200.0
wjc-20-d2b,74.18181818,1700.0
alpshl,90.72727273,3100.0
austria-other,74.18181818,1700.0
austria-u17,70.04545455,1400.0
austria-u18i,74.18181818,1700.0
austria-u20i,82.45454545,2400.0
austria3,82.45454545,2400.0
austria4,78.31818182,2000.0
czechia-u15,65.90909091,1200.0
debl-w,82.45454545,2400.0
debl2-w,78.31818182,2000.0
ec,8.0,0.0
ewhl-w,86.59090909,2800.0
eyof,8.0,0.0
eyof-w,8.0,0.0
germany-u15-2,16.27272727,0.0
germany-u17-4,16.27272727,0.0
germany3-w,16.27272727,0.0
icehl,86.59090909,2800.0
international-jr,8.0,0.0
ogq,8.0,0.0
ogq-w,8.0,0.0
swissdiv4,16.27272727,0.0
wc,8.0,0.0
wc-d1a-w,8.0,0.0
whc-u14,61.77272727,1000.0
whc-u15,65.90909091,1200.0
wjc-18-d1b,8.0,0.0
wjc-20-d1a,8.0,0.0
wsi-u12,53.5,600.0
asian-wg,53.5,600.0
kuwait,53.5,600.0
belarus,86.59090909,2800.0
belarus-other,78.31818182,2000.0
belarus-u18,74.18181818,1700.0
belarus-vysshaya,74.18181818,1700.0
khl,94.86363636,3600.0
mhl,78.31818182,2000.0
russia-other,61.77272727,1000.0
wsi-u13,57.63636364,800.0
wsi-u14,61.77272727,1000.0
wsi-u15,65.90909091,1200.0
belgium-other,57.63636364,800.0
belgium-u16,61.77272727,1000.0
belgium-u18,65.90909091,1200.0
belgium-w,70.04545455,1400.0
belgium2,65.90909091,1200.0
cehl,70.04545455,1400.0
germany2-w,86.59090909,2800.0
netherlands-w,70.04545455,1400.0
wc-d2b-w,8.0,0.0
wjc-18-d2b-w,70.04545455,1400.0
wjc-20-d3a,78.31818182,2000.0
bosnia,70.04545455,1400.0
wc-d3a,8.0,0.0
wc-d3b-w,8.0,0.0
wjc-18-d3b,70.04545455,1400.0
bulgaria,70.04545455,1400.0
bulgaria-u16,57.63636364,800.0
bulgaria-u18,65.90909091,1200.0
bulgaria-u20,70.04545455,1400.0
wc-d2b,8.0,0.0
wc-d3a-w,8.0,0.0
wjc-18-d3-w,70.04545455,1400.0
wjc-18-d3a,70.04545455,1400.0
13u-aa,53.5,600.0
14u-a,53.5,600.0
14u-aaa,61.77272727,1000.0
15u-a,57.63636364,800.0
15u-a-w,57.63636364,800.0
15u-aa,61.77272727,1000.0
15u-aaa,65.90909091,1200.0
16u-aa,65.90909091,1200.0
16u-aaa,70.04545455,1400.0
18u-a,70.04545455,1400.0
18u-aaa,78.31818182,2000.0
19u-aa-w,74.18181818,1700.0
19u-aaa-w,82.45454545,2400.0
aau-ii,65.90909091,1200.0
acac,78.31818182,2000.0
acac-w,78.31818182,2000.0
ach,70.04545455,1400.0
acha-d2-w,70.04545455,1400.0
acha-ii,70.04545455,1400.0
aehl,70.04545455,1400.0
aehl-u15,65.90909091,1200.0
aehl-u15-aa,61.77272727,1000.0
aehl-u16-aa,65.90909091,1200.0
aehl-u17,70.04545455,1400.0
aehl-u18,74.18181818,1700.0
aehl-u18-aa,70.04545455,1400.0
aejhl,74.18181818,1700.0
aeshl,74.18181818,1700.0
afhl-u15-aa-w,61.77272727,1000.0
afhl-u18-aa-w,70.04545455,1400.0
afhl-u18-aaa-w,78.31818182,2000.0
ahl,94.86363636,3600.0
ajfhl-w,82.45454545,2400.0
ajhl,82.45454545,2400.0
alberta-cup,16.27272727,0.0
alliance-u14,57.63636364,800.0
alliance-u15,61.77272727,1000.0
alliance-u16,65.90909091,1200.0
alliance-u18,74.18181818,1700.0
bantam-w,57.63636364,800.0
bc-zone-u15,16.27272727,0.0
bc-zone-u18,70.04545455,1400.0
bcehl-u15,65.90909091,1200.0
bcehl-u17,70.04545455,1400.0
bcehl-u18,74.18181818,1700.0
bcehl-u18-w,74.18181818,1700.0
bchl,86.59090909,2800.0
bchshl,74.18181818,1700.0
bcihl,70.04545455,1400.0
beaver-hl,20.40909091,0.0
brhl,70.04545455,1400.0
brick-invitational,16.27272727,0.0
bshl,74.18181818,1700.0
cahl-u15,57.63636364,800.0
cahl-u16,57.63636364,800.0
cahl-u18,65.90909091,1200.0
cahs,74.18181818,1700.0
cahs-w,74.18181818,1700.0
cajaahl,74.18181818,1700.0
cajhl,74.18181818,1700.0
camp-showcase,16.27272727,0.0
capjhl,65.90909091,1200.0
cbhf-u15,61.77272727,1000.0
cbhf-u18,74.18181818,1700.0
cc,8.0,0.0
cchl,78.31818182,2000.0
cdhl,70.04545455,1400.0
cehl-sr,70.04545455,1400.0
centralphl,70.04545455,1400.0
cihl,70.04545455,1400.0
cisaa,70.04545455,1400.0
cpjhl,70.04545455,1400.0
crhl,70.04545455,1400.0
crjhl,70.04545455,1400.0
cskrtb,70.04545455,1400.0
csshl-u15,61.77272727,1000.0
csshl-u15-aaa,65.90909091,1200.0
csshl-u16,74.18181818,1700.0
csshl-u17,70.04545455,1400.0
csshl-u17-aaa,74.18181818,1700.0
csshl-u18,78.31818182,2000.0
csshl-u18-w,78.31818182,2000.0
csshle-u17,70.04545455,1400.0
csshle-u18,74.18181818,1700.0
cwjhl,70.04545455,1400.0
cwshl,70.04545455,1400.0
eastcshl,70.04545455,1400.0
echl,90.72727273,3100.0
echshl,70.04545455,1400.0
ecmhl-u15,57.63636364,800.0
ecmhl-u18,70.04545455,1400.0
edmjhl,70.04545455,1400.0
eojhl,65.90909091,1200.0
eoshl,70.04545455,1400.0
ep-invitational,16.27272727,0.0
etahl-u21,82.45454545,2400.0
fsl-14u-w,61.77272727,1000.0
fsl-16u-w,70.04545455,1400.0
glphl,70.04545455,1400.0
gmhl,65.90909091,1200.0
gnu18l,70.04545455,1400.0
gojhl,70.04545455,1400.0
gthl-u14,53.5,600.0
gthl-u14-aa,57.63636364,800.0
gthl-u15,57.63636364,800.0
gthl-u15-aa,61.77272727,1000.0
gthl-u16,61.77272727,1000.0
gthl-u16-aa,65.90909091,1200.0
gthl-u17-aa,70.04545455,1400.0
gthl-u18,78.31818182,2000.0
gthl-u18-aa,70.04545455,1400.0
gthl-u21,82.45454545,2400.0
hc-u21,70.04545455,1400.0
hc-u21c,70.04545455,1400.0
heo-u14,61.77272727,1000.0
heo-u14-aa,57.63636364,800.0
heo-u15,61.77272727,1000.0
heo-u15-aa,61.77272727,1000.0
heo-u16,61.77272727,1000.0
heo-u16-aa,65.90909091,1200.0
heo-u18,70.04545455,1400.0
heo-u18-aa,65.90909091,1200.0
hjhl,65.90909091,1200.0
hlinka-gretzky-cup,8.0,0.0
hno,70.04545455,1400.0
hsl-u14,57.63636364,800.0
hsl-u15,61.77272727,1000.0
hsl-u18,70.04545455,1400.0
htjhl,70.04545455,1400.0
hw14hl-u15,57.63636364,800.0
hw14hl-u18,70.04545455,1400.0
independent,16.27272727,0.0
independent-jr,16.27272727,0.0
independent-w,16.27272727,0.0
international-jr-w,16.27272727,0.0
iqbc,70.04545455,1400.0
isjhl,70.04545455,1400.0
jcwc,70.04545455,1400.0
jphl-u14,53.5,600.0
jphl-u15,57.63636364,800.0
jphl-u17,65.90909091,1200.0
jphl-u18,70.04545455,1400.0
jshl-u16,61.77272727,1000.0
jshl-u18,70.04545455,1400.0
juvenile,70.04545455,1400.0
jwhl-w,70.04545455,1400.0
kijhl,70.04545455,1400.0
kjhl,70.04545455,1400.0
lhatm18bb,65.90909091,1200.0
lhbbf,70.04545455,1400.0
lhc,70.04545455,1400.0
lhcs,70.04545455,1400.0
lhdaaq,61.77272727,1000.0
lhjaall,70.04545455,1400.0
lhjabf,70.04545455,1400.0
lhjacn,70.04545455,1400.0
lhjacrse,70.04545455,1400.0
lhjal,70.04545455,1400.0
lhjall,70.04545455,1400.0
lhjalsl,70.04545455,1400.0
lhjam,70.04545455,1400.0
lhjama,70.04545455,1400.0
lhjao,70.04545455,1400.0
lhjaosf,70.04545455,1400.0
lhjarn,70.04545455,1400.0
lhjarv,70.04545455,1400.0
lhjaslsj,70.04545455,1400.0
lhjbb,70.04545455,1400.0
lhjbsl,70.04545455,1400.0
lhjslsj,70.04545455,1400.0
lhmjaa,70.04545455,1400.0
lhsaaall,70.04545455,1400.0
lhsaaaq,70.04545455,1400.0
lhsao,70.04545455,1400.0
lhsb,70.04545455,1400.0
lhsbeq,70.04545455,1400.0
lhsce,70.04545455,1400.0
lhse,70.04545455,1400.0
lhsg,70.04545455,1400.0
lhslf,70.04545455,1400.0
lhsmm,70.04545455,1400.0
lhva,70.04545455,1400.0
lihlllbaa,61.77272727,1000.0
lihlllmaa,70.04545455,1400.0
ljhl,70.04545455,1400.0
llfhl-w,70.04545455,1400.0
llhl,70.04545455,1400.0
lnah,70.04545455,1400.0
lrh,70.04545455,1400.0
mfhl-u15-w,65.90909091,1200.0
mfhl-u18-w,70.04545455,1400.0
mfpl-w,74.18181818,1700.0
mhlsk-u15,57.63636364,800.0
mhlsk-u18,70.04545455,1400.0
midget-w,65.90909091,1200.0
mjahl,70.04545455,1400.0
mjhl,82.45454545,2400.0
mmghl-u18-w,78.31818182,2000.0
mmhl-u23,82.45454545,2400.0
mmjhl,65.90909091,1200.0
mmmhl-u15,57.63636364,800.0
mmmhl-u18,70.04545455,1400.0
montreal-meltdown-u16,16.27272727,0.0
montreal-meltdown-u19,16.27272727,0.0
mphl,70.04545455,1400.0
mu18hl,74.18181818,1700.0
mwjhl-w,70.04545455,1400.0
nafha-w,70.04545455,1400.0
nahc,70.04545455,1400.0
nahc-w,70.04545455,1400.0
naprephl-u14,53.5,600.0
naprephl-u16,61.77272727,1000.0
naprephl-u18,74.18181818,1700.0
naprephl-w,74.18181818,1700.0
nat1hl-16u,65.90909091,1200.0
nbfaaahl-w,65.90909091,1200.0
nbiaa,74.18181818,1700.0
nbiaa-w,74.18181818,1700.0
nbjchl,70.04545455,1400.0
nbjhl,70.04545455,1400.0
nbmhl,78.31818182,2000.0
nbpeimu18hl,78.31818182,2000.0
nbu14aaahl,61.77272727,1000.0
nbu15aaahl,65.90909091,1200.0
ncdc,74.18181818,1700.0
nchl-ab,70.04545455,1400.0
ncjhl,70.04545455,1400.0
ncmha,70.04545455,1400.0
ndmhl,70.04545455,1400.0
neahl,74.18181818,1700.0
neajbhl,70.04545455,1400.0
nefphl-18u,70.04545455,1400.0
nemhl-u15,57.63636364,800.0
nemhl-u18,70.04545455,1400.0
neoha-u15,57.63636364,800.0
neshl,70.04545455,1400.0
netherlands-other,70.04545455,1400.0
nghl-16u-aa-w,70.04545455,1400.0
nghl-19u-aa-w,82.45454545,2400.0
nhl,99.0,4500.0
nhl-4-nations,8.0,0.0
njhl,65.90909091,1200.0
nlaaahl-u15,65.90909091,1200.0
nlaaahl-u16,65.90909091,1200.0
nlu18mhl,78.31818182,2000.0
nlu18minhl,78.31818182,2000.0
nohl-u14,61.77272727,1000.0
nohl-u15,65.90909091,1200.0
nojhl,70.04545455,1400.0
norjhl,70.04545455,1400.0
normanmaa,74.18181818,1700.0
northphl,70.04545455,1400.0
notehl,70.04545455,1400.0
nshl,70.04545455,1400.0
nsjbhl,70.04545455,1400.0
nsjhl,70.04545455,1400.0
nsrjhl,70.04545455,1400.0
nsu15mhl,57.63636364,800.0
nsu16aaahl,61.77272727,1000.0
nsu18mhl,70.04545455,1400.0
nwjhl,70.04545455,1400.0
obmhl-u14,45.22727273,400.0
obmhl-u15,49.36363636,500.0
obmhl-u16,53.5,600.0
obmhl-u18,61.77272727,1000.0
occcr,70.04545455,1400.0
ocr,70.04545455,1400.0
ocr-w,70.04545455,1400.0
oehl,70.04545455,1400.0
oenhl,70.04545455,1400.0
og,70.04545455,1400.0
og-w,70.04545455,1400.0
oha-sr.,70.04545455,1400.0
ohl,94.86363636,3600.0
ohl-cup,70.04545455,1400.0
ojhl,78.31818182,2000.0
omaha,61.77272727,1000.0
omha-u14,57.63636364,800.0
omha-u15,61.77272727,1000.0
omha-u16,65.90909091,1200.0
omha-u18,74.18181818,1700.0
oshl,70.04545455,1400.0
owha-w,61.77272727,1000.0
owhl-u15-aa-w,61.77272727,1000.0
owhl-u18-aa-w,70.04545455,1400.0
owhl-u22-aa-w,78.31818182,2000.0
pcbhl,57.63636364,800.0
pcha,70.04545455,1400.0
peewee,53.5,600.0
pei-u15,65.90909091,1200.0
pei-u18,70.04545455,1400.0
peijchl,70.04545455,1400.0
phc,70.04545455,1400.0
phf-w,70.04545455,1400.0
phl-u15,65.90909091,1200.0
phl-u16,70.04545455,1400.0
phl-u18,70.04545455,1400.0
pijhl-1,70.04545455,1400.0
pijhl-2,70.04545455,1400.0
pjchl,70.04545455,1400.0
pjhl,65.90909091,1200.0
pmhl,70.04545455,1400.0
pphl-18u,65.90909091,1200.0
pphl-19u-w,70.04545455,1400.0
prospects-challenge,16.27272727,0.0
pshf-u16,65.90909091,1200.0
pshf-u18,74.18181818,1700.0
pwhl-w,70.04545455,1400.0
qchl,53.5,600.0
qchl-d2,53.5,600.0
qchl-d2-w,53.5,600.0
qchl-w,53.5,600.0
qihl-b2,53.5,600.0
qjhl,74.18181818,1700.0
qm15aa,61.77272727,1000.0
qm15aa-w,61.77272727,1000.0
qm15aaa,65.90909091,1200.0
qm15aaa-e,65.90909091,1200.0
qm15aaa-w,65.90909091,1200.0
qm15bb,53.5,600.0
qm17aaa,74.18181818,1700.0
qm18a,65.90909091,1200.0
qm18aa,70.04545455,1400.0
qm18aa-w,74.18181818,1700.0
qm18aaa,78.31818182,2000.0
qm18aaa-w,78.31818182,2000.0
qm18b,57.63636364,800.0
qm18bb,61.77272727,1000.0
qm21aa-w,78.31818182,2000.0
qmjhl,94.86363636,3600.0
qmjhl-cup,70.04545455,1400.0
qsphl,70.04545455,1400.0
qvhhl,70.04545455,1400.0
qvjhl,70.04545455,1400.0
rhl,70.04545455,1400.0
ricbaa,61.77272727,1000.0
rmfhl-w,70.04545455,1400.0
rseq-d2,65.90909091,1200.0
rseq-m14-d3,61.77272727,1000.0
rseq-m15-d1,65.90909091,1200.0
rseq-m15-d1-r,65.90909091,1200.0
rseq-m15-d2,61.77272727,1000.0
rseq-m15-d3,57.63636364,800.0
rseq-m18-d1,78.31818182,2000.0
rseq-m18-d1-r,78.31818182,2000.0
rseq-m18-d2,74.18181818,1700.0
rseq-m18-d3,70.04545455,1400.0
saahl-u15,61.77272727,1000.0
saahl-u16,65.90909091,1200.0
saahl-u18,74.18181818,1700.0
sashl,70.04545455,1400.0
saskehl,70.04545455,1400.0
saskphl,70.04545455,1400.0
scmhl,74.18181818,1700.0
scwhl-w,70.04545455,1400.0
semhl,70.04545455,1400.0
sfhl-u18-w,74.18181818,1700.0
sfmaaahl-w,70.04545455,1400.0
sijhl,65.90909091,1200.0
sjchl,70.04545455,1400.0
sjfhl-w,70.04545455,1400.0
sjhl,82.45454545,2400.0
sjjhl,70.04545455,1400.0
smaaahl,78.31818182,2000.0
spengler-cup,8.0,0.0
ssfhl-w,70.04545455,1400.0
sshl-sr.,70.04545455,1400.0
sshl-u15,57.63636364,800.0
sshl-u18,70.04545455,1400.0
step-u15,57.63636364,800.0
step-u18,70.04545455,1400.0
svhl,70.04545455,1400.0
swhl,70.04545455,1400.0
thhl,70.04545455,1400.0
thl,70.04545455,1400.0
tnphl,70.04545455,1400.0
trhl,70.04545455,1400.0
u14-a,53.5,600.0
u14-aa,57.63636364,800.0
u14-aaa,61.77272727,1000.0
u14-b,53.5,600.0
u15-a,57.63636364,800.0
u15-a1,57.63636364,800.0
u15-a2,57.63636364,800.0
u15-aa,61.77272727,1000.0
u15-aaa,65.90909091,1200.0
u15-b,49.36363636,500.0
u16-a,61.77272727,1000.0
u16-aa,65.90909091,1200.0
u16-aaa,70.04545455,1400.0
u16-bb,53.5,600.0
u16-prep,57.63636364,800.0
u17-a,65.90909091,1200.0
u18-a,70.04545455,1400.0
u18-a1,70.04545455,1400.0
u18-a2,70.04545455,1400.0
u18-aa,74.18181818,1700.0
u18-aaa,78.31818182,2000.0
u18-b,61.77272727,1000.0
u18-bb,65.90909091,1200.0
universiade,8.0,0.0
universiade-w,8.0,0.0
ushs-nb,82.45454545,2400.0
usphl-elite,65.90909091,1200.0
usphl-premier,65.90909091,1200.0
usports,86.59090909,2800.0
usports-w,86.59090909,2800.0
ut1hl-16u,65.90909091,1200.0
ut1hl-18u,74.18181818,1700.0
vhshl,70.04545455,1400.0
vibhl,57.63636364,800.0
vijhl,65.90909091,1200.0
waaa-u14,61.77272727,1000.0
waaa-u15,65.90909091,1200.0
waaa-u17,74.18181818,1700.0
wc-w,8.0,0.0
wcouh,8.0,0.0
wcshl,70.04545455,1400.0
wcup,8.0,0.0
whc-17,8.0,0.0
wheatlandshl,70.04545455,1400.0
whl,94.86363636,3600.0
wjac-19,8.0,0.0
wjc-18,8.0,0.0
wjc-18-w,8.0,0.0
wjc-20,8.0,0.0
wmhl,70.04545455,1400.0
wsi-u16,70.04545455,1400.0
wuhl,70.04545455,1400.0
wwhl-mb-w,70.04545455,1400.0
yog,70.04545455,1400.0
youthcups,16.27272727,0.0
asian-wg-w,61.77272727,1000.0
china,70.04545455,1400.0
ewhc-w,65.90909091,1200.0
wc-d1b,8.0,0.0
wcihl-w,70.04545455,1400.0
wjc-18-d2a,70.04545455,1400.0
wjc-20-d2a,74.18181818,1700.0
croatia-u20,74.18181818,1700.0
inthl,70.04545455,1400.0
inthl-w,70.04545455,1400.0
czechia,94.86363636,3600.0
czechia-juniors,74.18181818,1700.0
czechia-other,61.77272727,1000.0
czechia-u15-2,61.77272727,1000.0
czechia-u16-w,70.04545455,1400.0
czechia-u17,74.18181818,1700.0
czechia-u17-2,70.04545455,1400.0
czechia-u17-3,65.90909091,1200.0
czechia-u18-2,70.04545455,1400.0
czechia-u20,86.59090909,2800.0
czechia-u20-2,82.45454545,2400.0
czechia-u20-3,78.31818182,2000.0
czechia-w,90.72727273,3100.0
czechia2,90.72727273,3100.0
czechia2-w,86.59090909,2800.0
czechia3,82.45454545,2400.0
czechia4,78.31818182,2000.0
czechia5,74.18181818,1700.0
czechia6,70.04545455,1400.0
czechia7,65.90909091,1200.0
ec-w,20.40909091,0.0
eht,8.0,0.0
ullh,70.04545455,1400.0
wsi-u14-aaa,61.77272727,1000.0
wsi-u14-w,61.77272727,1000.0
wsi-u15-aaa,65.90909091,1200.0
wsi-u15-w,65.90909091,1200.0
wsi-u18-w,78.31818182,2000.0
denmark,90.72727273,3100.0
denmark-other,74.18181818,1700.0
denmark-u18,74.18181818,1700.0
denmark-u20,82.45454545,2400.0
denmark-w,90.72727273,3100.0
denmark2,82.45454545,2400.0
denmark2-w,82.45454545,2400.0
denmark3,78.31818182,2000.0
ndhl-w,70.04545455,1400.0
wjc-18-d1a-w,8.0,0.0
buiha,65.90909091,1200.0
eihl,70.04545455,1400.0
england-u16,57.63636364,800.0
england-u16-2,53.5,600.0
england-u19,65.90909091,1200.0
england-u19-2,61.77272727,1000.0
england-u19-3,57.63636364,800.0
nihl,70.04545455,1400.0
nihl-1,65.90909091,1200.0
nihl-2,61.77272727,1000.0
not-covered-w,65.90909091,1200.0
snl,57.63636364,800.0
wnihl-1-w,65.90909091,1200.0
wnihl-2-w,61.77272727,1000.0
wnihl-elite-w,70.04545455,1400.0
wnihl-u16-w,61.77272727,1000.0
estonia,70.04545455,1400.0
estonia-other,57.63636364,800.0
estonia-w,70.04545455,1400.0
estonia2,65.90909091,1200.0
latvia,86.59090909,2800.0
u16-sm-sarja,61.77272727,1000.0
wjc-20-d1b,78.31818182,2000.0
auroraliiga-w,94.86363636,3600.0
fcaa,70.04545455,1400.0
finnish-juniors,74.18181818,1700.0
ii-divisioona,82.45454545,2400.0
iii-divisioona,78.31818182,2000.0
iv-divisioona,74.18181818,1700.0
liiga,94.86363636,3600.0
mestis,90.72727273,3100.0
mestis-w,90.72727273,3100.0
suomi-sarja,86.59090909,2800.0
suomi-sarja-w,86.59090909,2800.0
u16-mestis,65.90909091,1200.0
u16-suomi-sarja,61.77272727,1000.0
u17-alempi,70.04545455,1400.0
u17-ii-divisioona,70.04545455,1400.0
u17-suomi-sarja,74.18181818,1700.0
u17-ylempi,70.04545455,1400.0
u18-ii-divisioona,65.90909091,1200.0
u18-iii-divisioona,65.90909091,1200.0
u18-mestis,74.18181818,1700.0
u18-sm-sarja,78.31818182,2000.0
u18-suomi-sarja,70.04545455,1400.0
u19-alempi,78.31818182,2000.0
u19-ii-divisioona,74.18181818,1700.0
u19-suomi-sarja,82.45454545,2400.0
u19-ylempi,78.31818182,2000.0
u20-aluedivisioona,74.18181818,1700.0
u20-alueliiga,74.18181818,1700.0
u20-aluesarja,70.04545455,1400.0
u20-iii-divisioona,65.90909091,1200.0
u20-mestis,82.45454545,2400.0
u20-sm-sarja,86.59090909,2800.0
u20-suomi-sarja,78.31818182,2000.0
u22-ylempi,82.45454545,2400.0
v-divisioona,70.04545455,1400.0
france-other,70.04545455,1400.0
france-u18,74.18181818,1700.0
france-u18-2,70.04545455,1400.0
france-u20,82.45454545,2400.0
france-u20-2,78.31818182,2000.0
france-w,86.59090909,2800.0
france2,82.45454545,2400.0
france3,78.31818182,2000.0
france4,74.18181818,1700.0
ligue-magnus,86.59090909,2800.0
wsi-u13-aaa,57.63636364,800.0
yog-w,70.04545455,1400.0
georgia,70.04545455,1400.0
del,90.72727273,3100.0
del2,86.59090909,2800.0
dfel-w,90.72727273,3100.0
dnl-u20,86.59090909,2800.0
dnl-u20-2,78.31818182,2000.0
dnl-u20-3,74.18181818,1700.0
germany-other,65.90909091,1200.0
germany-u15,65.90909091,1200.0
germany-u15-3,57.63636364,800.0
germany-u15-4,53.5,600.0
germany-u15-other,49.36363636,500.0
germany-u17,74.18181818,1700.0
germany-u17-2,70.04545455,1400.0
germany-u17-3,65.90909091,1200.0
germany-u17-5,57.63636364,800.0
germany-u17-other,53.5,600.0
germany-u20-4,70.04545455,1400.0
germany-u20-5,65.90909091,1200.0
germany3,82.45454545,2400.0
germany4,78.31818182,2000.0
germany4-w,78.31818182,2000.0
germany5,74.18181818,1700.0
germany6,70.04545455,1400.0
swissdiv3,82.45454545,2400.0
greece,61.77272727,1000.0
ccoa-d1-w,8.0,0.0
cihl-hk,61.77272727,1000.0
hong-kong,61.77272727,1000.0
wc-d3b,8.0,0.0
wjc-20-d3b,74.18181818,1700.0
andersen-liga-ob2,70.04545455,1400.0
cjhl-u16,57.63636364,800.0
erste-liga,74.18181818,1700.0
hungary-other,61.77272727,1000.0
hungary-u18,65.90909091,1200.0
hungary-u21,70.04545455,1400.0
wjc-18-d1a,74.18181818,1700.0
iceland,70.04545455,1400.0
iceland-u16,57.63636364,800.0
iceland-u18,65.90909091,1200.0
iceland-w,70.04545455,1400.0
ccoa-u18,49.36363636,500.0
ccoa-u20,53.5,600.0
ccoa-w,57.63636364,800.0
ccoa,57.63636364,800.0
indonesia,53.5,600.0
iran,53.5,600.0
iran-w,53.5,600.0
iehl,57.63636364,800.0
israel,61.77272727,1000.0
israel-u20,57.63636364,800.0
israel2,53.5,600.0
israel3,49.36363636,500.0
exhibition,74.18181818,1700.0
italy-u16,65.90909091,1200.0
italy-u19,78.31818182,2000.0
italy-w,86.59090909,2800.0
italy2,82.45454545,2400.0
italy3,78.31818182,2000.0
wc-d1a,8.0,0.0
asia-league,70.04545455,1400.0
j-ice-north,61.77272727,1000.0
j-ice-west,61.77272727,1000.0
japan,70.04545455,1400.0
japan-w,70.04545455,1400.0
jp-univ,61.77272727,1000.0
jphs,57.63636364,800.0
jpjhs,57.63636364,800.0
kazakhstan,78.31818182,2000.0
kazakhstan-jastar,86.59090909,2800.0
kazakhstan-other,61.77272727,1000.0
kazakhstan-u16,65.90909091,1200.0
kazakhstan-u16-2,61.77272727,1000.0
kazakhstan-u17,70.04545455,1400.0
kazakhstan-w,78.31818182,2000.0
kazakhstan2,74.18181818,1700.0
russia-u17,74.18181818,1700.0
russia-u18,78.31818182,2000.0
wc-d1b-w,8.0,0.0
wjc-18-d2a-w,8.0,0.0
ccoa-u20-d1,53.5,600.0
kuwait-w,53.5,600.0
ccoa-d1,49.36363636,500.0
baltic-w,86.59090909,2800.0
latvia-other,74.18181818,1700.0
latvia-u17,70.04545455,1400.0
latvia2,74.18181818,1700.0
lithuania,70.04545455,1400.0
lithuania-u17,61.77272727,1000.0
lithuania-w,70.04545455,1400.0
lithuania2,65.90909091,1200.0
luxembourg,70.04545455,1400.0
mexico,53.5,600.0
mongolia,53.5,600.0
netherlands-u17,65.90909091,1200.0
netherlands-u23,70.04545455,1400.0
netherlands2,65.90909091,1200.0
netherlands3,61.77272727,1000.0
netherlands4,57.63636364,800.0
nzihl,61.77272727,1000.0
nzwihl-w,61.77272727,1000.0
scotland-u16,57.63636364,800.0
scotland-u19,70.04545455,1400.0
norway,90.72727273,3100.0
norway-other,57.63636364,800.0
norway-u16,65.90909091,1200.0
norway-u16-2,61.77272727,1000.0
norway-u16-3,57.63636364,800.0
norway-u18,74.18181818,1700.0
norway-u18-2,70.04545455,1400.0
norway-u18-3,65.90909091,1200.0
norway-u20,82.45454545,2400.0
norway-u20-2,78.31818182,2000.0
norway-u21,82.45454545,2400.0
norway-w,90.72727273,3100.0
norway2,82.45454545,2400.0
norway2-w,82.45454545,2400.0
norway3,78.31818182,2000.0
norway4,74.18181818,1700.0
norway5,70.04545455,1400.0
norway6,65.90909091,1200.0
norway7,61.77272727,1000.0
mihl-phi,49.36363636,500.0
phihl,53.5,600.0
eehl,16.27272727,0.0
euhl,16.27272727,0.0
poland,70.04545455,1400.0
poland-other,49.36363636,500.0
poland-u16,65.90909091,1200.0
poland-u18,70.04545455,1400.0
poland-u20,74.18181818,1700.0
poland-w,70.04545455,1400.0
poland2,65.90909091,1200.0
poland3,61.77272727,1000.0
poland4,57.63636364,800.0
slovakia-u18-2,74.18181818,1700.0
spain,61.77272727,1000.0
romania,70.04545455,1400.0
romania-u16,57.63636364,800.0
romania-u18,61.77272727,1000.0
romania-u20,65.90909091,1200.0
romania-w,70.04545455,1400.0
mshl1,78.31818182,2000.0
mshl2,74.18181818,1700.0
mshl3,70.04545455,1400.0
nmhl,82.45454545,2400.0
rshl1,78.31818182,2000.0
rshl2,74.18181818,1700.0
russia-u16,70.04545455,1400.0
russia-u16-2,65.90909091,1200.0
russia-u16-3,61.77272727,1000.0
russia-u17-2,70.04545455,1400.0
russia-u17-3,65.90909091,1200.0
russia-u18-2,74.18181818,1700.0
russia-w,90.72727273,3100.0
shlc,70.04545455,1400.0
shlspb1,65.90909091,1200.0
shlspb2,61.77272727,1000.0
sibshl,65.90909091,1200.0
vhl,90.72727273,3100.0
inthl-u17,65.90909091,1200.0
slovenia-other,70.04545455,1400.0
slovakia,90.72727273,3100.0
slovakia-other,74.18181818,1700.0
slovakia-u16,70.04545455,1400.0
slovakia-u16-2,65.90909091,1200.0
slovakia-u18,78.31818182,2000.0
slovakia-u20,86.59090909,2800.0
slovakia-u20-2,78.31818182,2000.0
slovakia-w,90.72727273,3100.0
slovakia2,86.59090909,2800.0
slovakia3,82.45454545,2400.0
slovenia-u19,78.31818182,2000.0
gphl,53.5,600.0
south-africa,49.36363636,500.0
wpihl,57.63636364,800.0
kihl,70.04545455,1400.0
korea-college,45.22727273,400.0
korea-hs,49.36363636,500.0
kwhl-w,70.04545455,1400.0
spain-u18,57.63636364,800.0
spain-u20,61.77272727,1000.0
spain-w,65.90909091,1200.0
spain2,61.77272727,1000.0
damjunior-w,86.59090909,2800.0
division-2,82.45454545,2400.0
division-2-w,82.45454545,2400.0
division-3,78.31818182,2000.0
division-3-w,78.31818182,2000.0
division-4,74.18181818,1700.0
division-5,70.04545455,1400.0
fhl-xl-w,74.18181818,1700.0
hockeyallsvenskan,90.72727273,3100.0
hockeyettan,86.59090909,2800.0
sdhl-w,94.86363636,3600.0
shl,94.86363636,3600.0
suhl,70.04545455,1400.0
tv-pucken,70.04545455,1400.0
tv-pucken-w,70.04545455,1400.0
u16-div.1,65.90909091,1200.0
u16-div.2,61.77272727,1000.0
u16-region,70.04545455,1400.0
u18-div.1,74.18181818,1700.0
u18-div.2,70.04545455,1400.0
u18-region,78.31818182,2000.0
u18-region-w,78.31818182,2000.0
u20-div.1,78.31818182,2000.0
u20-nationell,86.59090909,2800.0
u20-region,82.45454545,2400.0
myhl,82.45454545,2400.0
nl,94.86363636,3600.0
sl,90.72727273,3100.0
swhl-a-w,90.72727273,3100.0
swhl-b-w,86.59090909,2800.0
swhl-c-w,86.59090909,2800.0
swhl-d-w,82.45454545,2400.0
swiss-u16-a,61.77272727,1000.0
swiss-u16-elit,70.04545455,1400.0
swiss-u16-top,65.90909091,1200.0
swiss-u18-a,70.04545455,1400.0
swiss-u18-elit,78.31818182,2000.0
swiss-u18-top,74.18181818,1700.0
swiss-u21-a,78.31818182,2000.0
swiss-u21-elit,86.59090909,2800.0
swiss-u21-top,82.45454545,2400.0
swissdiv1,78.31818182,2000.0
swissdiv2,74.18181818,1700.0
switzerland-other,61.77272727,1000.0
siamhl,53.5,600.0
twhl,53.5,600.0
turkey,65.90909091,1200.0
turkey-u18,57.63636364,800.0
turkey-u20,61.77272727,1000.0
turkey-w,65.90909091,1200.0
turkey2,61.77272727,1000.0
uae,53.5,600.0
13u-a,49.36363636,500.0
13u-aaa,57.63636364,800.0
14u-a-w,53.5,600.0
14u-aa,57.63636364,800.0
14u-aa-w,57.63636364,800.0
14u-aaa-w,61.77272727,1000.0
14u-b,49.36363636,500.0
15u-b,53.5,600.0
15u-b-w,53.5,600.0
15u-b1,53.5,600.0
15u-c,49.36363636,500.0
16u-a,61.77272727,1000.0
16u-aa-w,65.90909091,1200.0
16u-aaa-w,70.04545455,1400.0
18u-aa,74.18181818,1700.0
19u-a-w,74.18181818,1700.0
aaha,74.18181818,1700.0
aau,74.18181818,1700.0
aau-fed,65.90909091,1200.0
aau-iii,65.90909091,1200.0
aau-w,74.18181818,1700.0
acha,74.18181818,1700.0
acha-iii,65.90909091,1200.0
acha-w,74.18181818,1700.0
achl,70.04545455,1400.0
aghf-14u-w,57.63636364,800.0
aghf-16u-w,65.90909091,1200.0
aghf-19u-w,78.31818182,2000.0
aha,74.18181818,1700.0
ahf-13u,53.5,600.0
ahf-14u,57.63636364,800.0
ahf-15u,61.77272727,1000.0
ahf-16u,65.90909091,1200.0
ahf-18u,74.18181818,1700.0
all-ahl,70.04545455,1400.0
amerahl,70.04545455,1400.0
amha,70.04545455,1400.0
aphl,70.04545455,1400.0
ayhl-13u,57.63636364,800.0
ayhl-14u,61.77272727,1000.0
ayhl-15u,65.90909091,1200.0
ayhl-16u,70.04545455,1400.0
ayhl-18u,78.31818182,2000.0
bdhl,70.04545455,1400.0
beast-14u,61.77272727,1000.0
beast-15u,65.90909091,1200.0
beast-16u,70.04545455,1400.0
beast-18u,78.31818182,2000.0
calhl,70.04545455,1400.0
cbhl-14u-a,53.5,600.0
cbhl-14u-aa,49.36363636,500.0
cbhl-16u-a,53.5,600.0
cbhl-16u-aa,57.63636364,800.0
cbhl-18u-a,61.77272727,1000.0
ccyhl,53.5,600.0
cehl-jr,70.04545455,1400.0
cenhl,70.04545455,1400.0
cha-jr.-c,70.04545455,1400.0
csdhl-14u,57.63636364,800.0
csdhl-15u,61.77272727,1000.0
csdhl-16u,65.90909091,1200.0
csdhl-16up,65.90909091,1200.0
csdhl-18u,74.18181818,1700.0
e9hl-u14,61.77272727,1000.0
e9hl-u16,70.04545455,1400.0
ecel-15u,61.77272727,1000.0
ecel-16u,65.90909091,1200.0
ecel-18u,65.90909091,1200.0
ehf-15u-elite,65.90909091,1200.0
ehf-16u,65.90909091,1200.0
ehf-16u-elite,70.04545455,1400.0
ehf-18u,74.18181818,1700.0
ehf-18u-elite,78.31818182,2000.0
ehl,70.04545455,1400.0
ehlp,78.31818182,2000.0
ejepl-14u,53.5,600.0
ejepl-15u,57.63636364,800.0
ejepl-16u,61.77272727,1000.0
ejepl-18u,70.04545455,1400.0
ep-cup-series-14u,61.77272727,1000.0
ep-cup-series-15o,65.90909091,1200.0
ep-cup-series-16u,70.04545455,1400.0
ep-cup-series-18u,78.31818182,2000.0
ep-premium-14u,57.63636364,800.0
ep-premium-16u,65.90909091,1200.0
ephl-us,74.18181818,1700.0
eshl,74.18181818,1700.0
fphl,90.72727273,3100.0
glhl,74.18181818,1700.0
gljhl,74.18181818,1700.0
hphl-co,70.04545455,1400.0
hvhl,70.04545455,1400.0
ijhl,70.04545455,1400.0
independent-pro,74.18181818,1700.0
interstate-hl,70.04545455,1400.0
jpl-club,70.04545455,1400.0
jpl-pro,70.04545455,1400.0
maha-14u,57.63636364,800.0
maha-15u,61.77272727,1000.0
mahl,70.04545455,1400.0
mawhl-w,57.63636364,800.0
mdhl,70.04545455,1400.0
mihl,70.04545455,1400.0
mnbel-14u,57.63636364,800.0
mnbel-15u,61.77272727,1000.0
mnhp,70.04545455,1400.0
mnhp-13o,49.36363636,500.0
mnhp-14u,53.5,600.0
mnhp-14u-ii,49.36363636,500.0
mnhp-14u-ii-w,49.36363636,500.0
mnhp-14u-w,53.5,600.0
mnhp-15o,57.63636364,800.0
mnhp-16u,61.77272727,1000.0
mnhp-16u-ii,57.63636364,800.0
mnhp-18u,70.04545455,1400.0
mountainhl,70.04545455,1400.0
mshl-16u,65.90909091,1200.0
mshl-18u,74.18181818,1700.0
mvhl-14u,57.63636364,800.0
na3ahl,70.04545455,1400.0
na3hl,65.90909091,1200.0
nahl,82.45454545,2400.0
naphl-14u,57.63636364,800.0
naphl-15u,61.77272727,1000.0
naphl-16u,65.90909091,1200.0
naphl-18u,74.18181818,1700.0
nat1hl-14u,61.77272727,1000.0
nat1hl-15u,65.90909091,1200.0
nat1hl-18u,78.31818182,2000.0
ncaa,86.59090909,2800.0
ncaa-iii,78.31818182,2000.0
ncaa-iii-w,78.31818182,2000.0
ncaa-w,86.59090909,2800.0
nefphl-19u,78.31818182,2000.0
nefphl-selects,16.27272727,0.0
neghl-w,57.63636364,800.0
nehl,70.04545455,1400.0
nepack-15u,65.90909091,1200.0
nephl,57.63636364,800.0
nephl-16u,65.90909091,1200.0
nephl-18u,74.18181818,1700.0
nghl-14u-aa-w,57.63636364,800.0
nghl-14u-w,57.63636364,800.0
nghl-16u-w,65.90909091,1200.0
nghl-19u-w,78.31818182,2000.0
njcaa,70.04545455,1400.0
njphl-16u,65.90909091,1200.0
njphl-18u,74.18181818,1700.0
njyhl-14u,57.63636364,800.0
njyhl-16u,65.90909091,1200.0
njyhl-18u,74.18181818,1700.0
ntdp,8.0,0.0
pel,16.27272727,0.0
ppp,16.27272727,0.0
ppshl,74.18181818,1700.0
rmjhl-us,74.18181818,1700.0
senior,74.18181818,1700.0
sescl-14u,57.63636364,800.0
sescl-16u,65.90909091,1200.0
sescl-18u,74.18181818,1700.0
sfhl-14u-aa,57.63636364,800.0
sfhl-16u-a,61.77272727,1000.0
sfhl-16u-aa,65.90909091,1200.0
sfhl-18u-aa,74.18181818,1700.0
sphl,90.72727273,3100.0
squirt,16.27272727,0.0
swyhl,16.27272727,0.0
t1ebhl-w,61.77272727,1000.0
t1ehl-13u,57.63636364,800.0
t1ehl-14u,61.77272727,1000.0
t1ehl-15u,65.90909091,1200.0
t1ehl-16u,70.04545455,1400.0
t1ehl-16u-w,70.04545455,1400.0
t1ehl-18u,78.31818182,2000.0
t1ehl-19u-w,82.45454545,2400.0
t1ehl-w,70.04545455,1400.0
thf-13u,57.63636364,800.0
thf-14u,61.77272727,1000.0
thf-15u,65.90909091,1200.0
thf-16u,70.04545455,1400.0
thf-18u,78.31818182,2000.0
ujhl,16.27272727,0.0
umhsehl,16.27272727,0.0
umhsehl-w,16.27272727,0.0
unionhl,74.18181818,1700.0
usa-16-17-w,12.13636364,0.0
usa-s15,12.13636364,0.0
usa-s15-w,12.13636364,0.0
usa-s16,12.13636364,0.0
usa-s17,12.13636364,0.0
usa-s18-w,12.13636364,0.0
ushl,90.72727273,3100.0
ushs,78.31818182,2000.0
ushs-ak,74.18181818,1700.0
ushs-az,74.18181818,1700.0
ushs-ca,74.18181818,1700.0
ushs-co,74.18181818,1700.0
ushs-ct,74.18181818,1700.0
ushs-de,74.18181818,1700.0
ushs-fl,74.18181818,1700.0
ushs-ga,74.18181818,1700.0
ushs-ia,74.18181818,1700.0
ushs-id,74.18181818,1700.0
ushs-il,82.45454545,2400.0
ushs-in,74.18181818,1700.0
ushs-ky,74.18181818,1700.0
ushs-ma,82.45454545,2400.0
ushs-md,74.18181818,1700.0
ushs-me,74.18181818,1700.0
ushs-mi,82.45454545,2400.0
ushs-mn,82.45454545,2400.0
ushs-mn-w,82.45454545,2400.0
ushs-mo,74.18181818,1700.0
ushs-mt,74.18181818,1700.0
ushs-nd,74.18181818,1700.0
ushs-ne,74.18181818,1700.0
ushs-nh,74.18181818,1700.0
ushs-nj,78.31818182,2000.0
ushs-nm,74.18181818,1700.0
ushs-ny,82.45454545,2400.0
ushs-oh,78.31818182,2000.0
ushs-pa,78.31818182,2000.0
ushs-prep,82.45454545,2400.0
ushs-ri,74.18181818,1700.0
ushs-sc,74.18181818,1700.0
ushs-sd,74.18181818,1700.0
ushs-tn,74.18181818,1700.0
ushs-tx,74.18181818,1700.0
ushs-ut,74.18181818,1700.0
ushs-va,74.18181818,1700.0
ushs-vt,74.18181818,1700.0
ushs-w,78.31818182,2000.0
ushs-wi,78.31818182,2000.0
ushs-wv,74.18181818,1700.0
ushs-wy,74.18181818,1700.0
usp3hl,70.04545455,1400.0
usphl-15u,65.90909091,1200.0
usphl-16uf,70.04545455,1400.0
usphl-18u,78.31818182,2000.0
ussed,70.04545455,1400.0
ut1hl-14u,57.63636364,800.0
ut1hl-15u,61.77272727,1000.0
uwhl-w,74.18181818,1700.0
wsi-u17,74.18181818,1700.0
uhsl,65.90909091,1200.0
ukraine,70.04545455,1400.0
ukraine-u16,61.77272727,1000.0
ukraine-w,70.04545455,1400.0
pwhpa-w,16.27272727,0.0
